{"cameraMode":{"drawMode":0,"name":"Shaded","section":"Shading Mode"},"sceneLighting":true,"audioPlay":false,"sceneViewState":{"m_AlwaysRefresh":false,"showFog":true,"showSkybox":true,"showFlares":true,"showImageEffects":true,"showParticleSystems":true,"showVisualEffectGraphs":true,"m_FxEnabled":true},"in2DMode":false,"pivot":{"x":0.615082859992981,"y":0.7221847772598267,"z":-9.18787670135498},"rotation":{"x":0.3082888126373291,"y":0.06272220611572266,"z":-0.020375240594148637,"w":0.9490064382553101},"size":2.0065791606903078,"orthographic":false}