{"cameraMode":{"drawMode":0,"name":"Shaded","section":"Shading Mode"},"sceneLighting":true,"audioPlay":false,"sceneViewState":{"m_AlwaysRefresh":false,"showFog":true,"showSkybox":true,"showFlares":true,"showImageEffects":true,"showParticleSystems":true,"showVisualEffectGraphs":true,"m_FxEnabled":true},"in2DMode":false,"pivot":{"x":-31.576082229614259,"y":11.181999206542969,"z":56.19520950317383},"rotation":{"x":-0.18338924646377564,"y":0.11384090036153794,"z":-0.0213928185403347,"w":-0.9762018918991089},"size":58.895450592041019,"orthographic":false}