{"cameraMode":{"drawMode":0,"name":"Shaded","section":"Shading Mode"},"sceneLighting":false,"audioPlay":false,"sceneViewState":{"m_AlwaysRefresh":false,"showFog":true,"showSkybox":false,"showFlares":true,"showImageEffects":true,"showParticleSystems":true,"showVisualEffectGraphs":true,"m_FxEnabled":true},"in2DMode":false,"pivot":{"x":-20.299999237060548,"y":-15.070999145507813,"z":-57.30000305175781},"rotation":{"x":-0.10399037599563599,"y":-0.47691604495048525,"z":0.05690093711018562,"w":-0.8709955215454102},"size":12.669953346252442,"orthographic":false}